--
-- PostgreSQL database dump
--

-- Dumped from database version 14.8 (Ubuntu 14.8-0ubuntu0.22.10.1)
-- Dumped by pg_dump version 14.8 (Ubuntu 14.8-0ubuntu0.22.10.1)

SET statement_timeout = 0;
SET lock_timeout = 0;
SET idle_in_transaction_session_timeout = 0;
SET client_encoding = 'UTF8';
SET standard_conforming_strings = on;
SELECT pg_catalog.set_config('search_path', '', false);
SET check_function_bodies = false;
SET xmloption = content;
SET client_min_messages = warning;
SET row_security = off;

SET default_tablespace = '';

SET default_table_access_method = heap;

--
-- Name: account_account; Type: TABLE; Schema: public; Owner: admin
--

CREATE TABLE public.account_account (
    id bigint NOT NULL,
    account_id integer NOT NULL,
    name character varying(50) NOT NULL,
    balance numeric(10,2) NOT NULL,
    user_id integer NOT NULL
);


ALTER TABLE public.account_account OWNER TO admin;

--
-- Name: account_account_id_seq; Type: SEQUENCE; Schema: public; Owner: admin
--

ALTER TABLE public.account_account ALTER COLUMN id ADD GENERATED BY DEFAULT AS IDENTITY (
    SEQUENCE NAME public.account_account_id_seq
    START WITH 1
    INCREMENT BY 1
    NO MINVALUE
    NO MAXVALUE
    CACHE 1
);


--
-- Name: auth_group; Type: TABLE; Schema: public; Owner: admin
--

CREATE TABLE public.auth_group (
    id integer NOT NULL,
    name character varying(150) NOT NULL
);


ALTER TABLE public.auth_group OWNER TO admin;

--
-- Name: auth_group_id_seq; Type: SEQUENCE; Schema: public; Owner: admin
--

ALTER TABLE public.auth_group ALTER COLUMN id ADD GENERATED BY DEFAULT AS IDENTITY (
    SEQUENCE NAME public.auth_group_id_seq
    START WITH 1
    INCREMENT BY 1
    NO MINVALUE
    NO MAXVALUE
    CACHE 1
);


--
-- Name: auth_group_permissions; Type: TABLE; Schema: public; Owner: admin
--

CREATE TABLE public.auth_group_permissions (
    id bigint NOT NULL,
    group_id integer NOT NULL,
    permission_id integer NOT NULL
);


ALTER TABLE public.auth_group_permissions OWNER TO admin;

--
-- Name: auth_group_permissions_id_seq; Type: SEQUENCE; Schema: public; Owner: admin
--

ALTER TABLE public.auth_group_permissions ALTER COLUMN id ADD GENERATED BY DEFAULT AS IDENTITY (
    SEQUENCE NAME public.auth_group_permissions_id_seq
    START WITH 1
    INCREMENT BY 1
    NO MINVALUE
    NO MAXVALUE
    CACHE 1
);


--
-- Name: auth_permission; Type: TABLE; Schema: public; Owner: admin
--

CREATE TABLE public.auth_permission (
    id integer NOT NULL,
    name character varying(255) NOT NULL,
    content_type_id integer NOT NULL,
    codename character varying(100) NOT NULL
);


ALTER TABLE public.auth_permission OWNER TO admin;

--
-- Name: auth_permission_id_seq; Type: SEQUENCE; Schema: public; Owner: admin
--

ALTER TABLE public.auth_permission ALTER COLUMN id ADD GENERATED BY DEFAULT AS IDENTITY (
    SEQUENCE NAME public.auth_permission_id_seq
    START WITH 1
    INCREMENT BY 1
    NO MINVALUE
    NO MAXVALUE
    CACHE 1
);


--
-- Name: auth_user; Type: TABLE; Schema: public; Owner: admin
--

CREATE TABLE public.auth_user (
    id integer NOT NULL,
    password character varying(128) NOT NULL,
    last_login timestamp with time zone,
    is_superuser boolean NOT NULL,
    username character varying(150) NOT NULL,
    first_name character varying(150) NOT NULL,
    last_name character varying(150) NOT NULL,
    email character varying(254) NOT NULL,
    is_staff boolean NOT NULL,
    is_active boolean NOT NULL,
    date_joined timestamp with time zone NOT NULL
);


ALTER TABLE public.auth_user OWNER TO admin;

--
-- Name: auth_user_groups; Type: TABLE; Schema: public; Owner: admin
--

CREATE TABLE public.auth_user_groups (
    id bigint NOT NULL,
    user_id integer NOT NULL,
    group_id integer NOT NULL
);


ALTER TABLE public.auth_user_groups OWNER TO admin;

--
-- Name: auth_user_groups_id_seq; Type: SEQUENCE; Schema: public; Owner: admin
--

ALTER TABLE public.auth_user_groups ALTER COLUMN id ADD GENERATED BY DEFAULT AS IDENTITY (
    SEQUENCE NAME public.auth_user_groups_id_seq
    START WITH 1
    INCREMENT BY 1
    NO MINVALUE
    NO MAXVALUE
    CACHE 1
);


--
-- Name: auth_user_id_seq; Type: SEQUENCE; Schema: public; Owner: admin
--

ALTER TABLE public.auth_user ALTER COLUMN id ADD GENERATED BY DEFAULT AS IDENTITY (
    SEQUENCE NAME public.auth_user_id_seq
    START WITH 1
    INCREMENT BY 1
    NO MINVALUE
    NO MAXVALUE
    CACHE 1
);


--
-- Name: auth_user_user_permissions; Type: TABLE; Schema: public; Owner: admin
--

CREATE TABLE public.auth_user_user_permissions (
    id bigint NOT NULL,
    user_id integer NOT NULL,
    permission_id integer NOT NULL
);


ALTER TABLE public.auth_user_user_permissions OWNER TO admin;

--
-- Name: auth_user_user_permissions_id_seq; Type: SEQUENCE; Schema: public; Owner: admin
--

ALTER TABLE public.auth_user_user_permissions ALTER COLUMN id ADD GENERATED BY DEFAULT AS IDENTITY (
    SEQUENCE NAME public.auth_user_user_permissions_id_seq
    START WITH 1
    INCREMENT BY 1
    NO MINVALUE
    NO MAXVALUE
    CACHE 1
);


--
-- Name: django_admin_log; Type: TABLE; Schema: public; Owner: admin
--

CREATE TABLE public.django_admin_log (
    id integer NOT NULL,
    action_time timestamp with time zone NOT NULL,
    object_id text,
    object_repr character varying(200) NOT NULL,
    action_flag smallint NOT NULL,
    change_message text NOT NULL,
    content_type_id integer,
    user_id integer NOT NULL,
    CONSTRAINT django_admin_log_action_flag_check CHECK ((action_flag >= 0))
);


ALTER TABLE public.django_admin_log OWNER TO admin;

--
-- Name: django_admin_log_id_seq; Type: SEQUENCE; Schema: public; Owner: admin
--

ALTER TABLE public.django_admin_log ALTER COLUMN id ADD GENERATED BY DEFAULT AS IDENTITY (
    SEQUENCE NAME public.django_admin_log_id_seq
    START WITH 1
    INCREMENT BY 1
    NO MINVALUE
    NO MAXVALUE
    CACHE 1
);


--
-- Name: django_content_type; Type: TABLE; Schema: public; Owner: admin
--

CREATE TABLE public.django_content_type (
    id integer NOT NULL,
    app_label character varying(100) NOT NULL,
    model character varying(100) NOT NULL
);


ALTER TABLE public.django_content_type OWNER TO admin;

--
-- Name: django_content_type_id_seq; Type: SEQUENCE; Schema: public; Owner: admin
--

ALTER TABLE public.django_content_type ALTER COLUMN id ADD GENERATED BY DEFAULT AS IDENTITY (
    SEQUENCE NAME public.django_content_type_id_seq
    START WITH 1
    INCREMENT BY 1
    NO MINVALUE
    NO MAXVALUE
    CACHE 1
);


--
-- Name: django_migrations; Type: TABLE; Schema: public; Owner: admin
--

CREATE TABLE public.django_migrations (
    id bigint NOT NULL,
    app character varying(255) NOT NULL,
    name character varying(255) NOT NULL,
    applied timestamp with time zone NOT NULL
);


ALTER TABLE public.django_migrations OWNER TO admin;

--
-- Name: django_migrations_id_seq; Type: SEQUENCE; Schema: public; Owner: admin
--

ALTER TABLE public.django_migrations ALTER COLUMN id ADD GENERATED BY DEFAULT AS IDENTITY (
    SEQUENCE NAME public.django_migrations_id_seq
    START WITH 1
    INCREMENT BY 1
    NO MINVALUE
    NO MAXVALUE
    CACHE 1
);


--
-- Name: django_session; Type: TABLE; Schema: public; Owner: admin
--

CREATE TABLE public.django_session (
    session_key character varying(40) NOT NULL,
    session_data text NOT NULL,
    expire_date timestamp with time zone NOT NULL
);


ALTER TABLE public.django_session OWNER TO admin;

--
-- Name: transaction_category; Type: TABLE; Schema: public; Owner: admin
--

CREATE TABLE public.transaction_category (
    id bigint NOT NULL,
    name character varying(40) NOT NULL
);


ALTER TABLE public.transaction_category OWNER TO admin;

--
-- Name: transaction_category_id_seq; Type: SEQUENCE; Schema: public; Owner: admin
--

ALTER TABLE public.transaction_category ALTER COLUMN id ADD GENERATED BY DEFAULT AS IDENTITY (
    SEQUENCE NAME public.transaction_category_id_seq
    START WITH 1
    INCREMENT BY 1
    NO MINVALUE
    NO MAXVALUE
    CACHE 1
);


--
-- Name: transaction_transaction; Type: TABLE; Schema: public; Owner: admin
--

CREATE TABLE public.transaction_transaction (
    id bigint NOT NULL,
    transaction_id integer NOT NULL,
    amount numeric(10,2) NOT NULL,
    transaction_type character varying(10) NOT NULL,
    comment character varying(100),
    datetime timestamp with time zone NOT NULL,
    account_id bigint NOT NULL,
    category_id bigint
);


ALTER TABLE public.transaction_transaction OWNER TO admin;

--
-- Name: transaction_transaction_id_seq; Type: SEQUENCE; Schema: public; Owner: admin
--

ALTER TABLE public.transaction_transaction ALTER COLUMN id ADD GENERATED BY DEFAULT AS IDENTITY (
    SEQUENCE NAME public.transaction_transaction_id_seq
    START WITH 1
    INCREMENT BY 1
    NO MINVALUE
    NO MAXVALUE
    CACHE 1
);


--
-- Data for Name: account_account; Type: TABLE DATA; Schema: public; Owner: admin
--

COPY public.account_account (id, account_id, name, balance, user_id) FROM stdin;
2	812867932	Cash	4920.00	1
1	426520857	Monobank	30222.13	1
\.


--
-- Data for Name: auth_group; Type: TABLE DATA; Schema: public; Owner: admin
--

COPY public.auth_group (id, name) FROM stdin;
\.


--
-- Data for Name: auth_group_permissions; Type: TABLE DATA; Schema: public; Owner: admin
--

COPY public.auth_group_permissions (id, group_id, permission_id) FROM stdin;
\.


--
-- Data for Name: auth_permission; Type: TABLE DATA; Schema: public; Owner: admin
--

COPY public.auth_permission (id, name, content_type_id, codename) FROM stdin;
1	Can add log entry	1	add_logentry
2	Can change log entry	1	change_logentry
3	Can delete log entry	1	delete_logentry
4	Can view log entry	1	view_logentry
5	Can add permission	2	add_permission
6	Can change permission	2	change_permission
7	Can delete permission	2	delete_permission
8	Can view permission	2	view_permission
9	Can add group	3	add_group
10	Can change group	3	change_group
11	Can delete group	3	delete_group
12	Can view group	3	view_group
13	Can add user	4	add_user
14	Can change user	4	change_user
15	Can delete user	4	delete_user
16	Can view user	4	view_user
17	Can add content type	5	add_contenttype
18	Can change content type	5	change_contenttype
19	Can delete content type	5	delete_contenttype
20	Can view content type	5	view_contenttype
21	Can add session	6	add_session
22	Can change session	6	change_session
23	Can delete session	6	delete_session
24	Can view session	6	view_session
25	Can add Bank account	7	add_account
26	Can change Bank account	7	change_account
27	Can delete Bank account	7	delete_account
28	Can view Bank account	7	view_account
29	Can add Category	8	add_category
30	Can change Category	8	change_category
31	Can delete Category	8	delete_category
32	Can view Category	8	view_category
33	Can add Transaction	9	add_transaction
34	Can change Transaction	9	change_transaction
35	Can delete Transaction	9	delete_transaction
36	Can view Transaction	9	view_transaction
\.


--
-- Data for Name: auth_user; Type: TABLE DATA; Schema: public; Owner: admin
--

COPY public.auth_user (id, password, last_login, is_superuser, username, first_name, last_name, email, is_staff, is_active, date_joined) FROM stdin;
2	pbkdf2_sha256$600000$eqQkiXBKOoYh4cXhvVQ6tt$4zCLZgqBhRAtvvDWnAjE6jSAZg0R15k1sSx6iGxFMsk=	2023-05-28 09:38:26.139794+00	t	sumdu	SumDU	Admin	sumdu@sumdu.sumdu	t	t	2023-05-28 00:53:57.55172+00
1	pbkdf2_sha256$600000$oyvuaMQ7na0zFU4Pm8h5Fk$2ZV9Jh2pg41Irenk8rf1bwIYlEgjquhQJ7V4yToDGto=	2023-05-28 09:39:05.958172+00	f	test@test.test	Test	User	test@test.test	f	t	2023-05-28 00:26:23.799072+00
\.


--
-- Data for Name: auth_user_groups; Type: TABLE DATA; Schema: public; Owner: admin
--

COPY public.auth_user_groups (id, user_id, group_id) FROM stdin;
\.


--
-- Data for Name: auth_user_user_permissions; Type: TABLE DATA; Schema: public; Owner: admin
--

COPY public.auth_user_user_permissions (id, user_id, permission_id) FROM stdin;
\.


--
-- Data for Name: django_admin_log; Type: TABLE DATA; Schema: public; Owner: admin
--

COPY public.django_admin_log (id, action_time, object_id, object_repr, action_flag, change_message, content_type_id, user_id) FROM stdin;
1	2023-05-28 08:51:36.568127+00	1	Home	1	[{"added": {}}]	8	2
2	2023-05-28 08:51:58.901792+00	2	Communal	1	[{"added": {}}]	8	2
3	2023-05-28 08:52:07.54385+00	3	Food	1	[{"added": {}}]	8	2
4	2023-05-28 08:52:13.02409+00	4	Transport	1	[{"added": {}}]	8	2
5	2023-05-28 08:52:16.896111+00	5	Sport	1	[{"added": {}}]	8	2
6	2023-05-28 08:52:20.754915+00	6	Study	1	[{"added": {}}]	8	2
7	2023-05-28 08:52:52.182499+00	7	Vacantion	1	[{"added": {}}]	8	2
8	2023-05-28 08:52:56.562765+00	8	Salary	1	[{"added": {}}]	8	2
9	2023-05-28 08:53:02.715349+00	9	Side work	1	[{"added": {}}]	8	2
10	2023-05-28 08:53:08.377004+00	10	Gifts	1	[{"added": {}}]	8	2
11	2023-05-28 08:53:27.746215+00	11	Dividends	1	[{"added": {}}]	8	2
12	2023-05-28 08:53:44.926652+00	12	Freelance	1	[{"added": {}}]	8	2
13	2023-05-28 08:53:50.999355+00	9	Side job	2	[{"changed": {"fields": ["Name"]}}]	8	2
14	2023-05-28 09:36:07.323973+00	13	Cafe	1	[{"added": {}}]	8	2
15	2023-05-28 09:36:31.712779+00	14	Rest	1	[{"added": {}}]	8	2
16	2023-05-28 09:36:47.349868+00	15	Technologies	1	[{"added": {}}]	8	2
17	2023-05-28 09:38:51.764262+00	16	Clothes	1	[{"added": {}}]	8	2
\.


--
-- Data for Name: django_content_type; Type: TABLE DATA; Schema: public; Owner: admin
--

COPY public.django_content_type (id, app_label, model) FROM stdin;
1	admin	logentry
2	auth	permission
3	auth	group
4	auth	user
5	contenttypes	contenttype
6	sessions	session
7	account	account
8	transaction	category
9	transaction	transaction
\.


--
-- Data for Name: django_migrations; Type: TABLE DATA; Schema: public; Owner: admin
--

COPY public.django_migrations (id, app, name, applied) FROM stdin;
1	contenttypes	0001_initial	2023-05-27 09:25:59.828835+00
2	auth	0001_initial	2023-05-27 09:25:59.940146+00
3	account	0001_initial	2023-05-27 09:25:59.968917+00
4	admin	0001_initial	2023-05-27 09:25:59.99823+00
5	admin	0002_logentry_remove_auto_add	2023-05-27 09:26:00.012167+00
6	admin	0003_logentry_add_action_flag_choices	2023-05-27 09:26:00.026297+00
7	contenttypes	0002_remove_content_type_name	2023-05-27 09:26:00.04946+00
8	auth	0002_alter_permission_name_max_length	2023-05-27 09:26:00.064191+00
9	auth	0003_alter_user_email_max_length	2023-05-27 09:26:00.075538+00
10	auth	0004_alter_user_username_opts	2023-05-27 09:26:00.085747+00
11	auth	0005_alter_user_last_login_null	2023-05-27 09:26:00.098355+00
12	auth	0006_require_contenttypes_0002	2023-05-27 09:26:00.102136+00
13	auth	0007_alter_validators_add_error_messages	2023-05-27 09:26:00.117361+00
14	auth	0008_alter_user_username_max_length	2023-05-27 09:26:00.132107+00
15	auth	0009_alter_user_last_name_max_length	2023-05-27 09:26:00.142797+00
16	auth	0010_alter_group_name_max_length	2023-05-27 09:26:00.158752+00
17	auth	0011_update_proxy_permissions	2023-05-27 09:26:00.17108+00
18	auth	0012_alter_user_first_name_max_length	2023-05-27 09:26:00.185465+00
19	sessions	0001_initial	2023-05-27 09:26:00.207235+00
20	transaction	0001_initial	2023-05-27 09:26:00.241992+00
\.


--
-- Data for Name: django_session; Type: TABLE DATA; Schema: public; Owner: admin
--

COPY public.django_session (session_key, session_data, expire_date) FROM stdin;
0393p7dw6e9p02t82u3u1zp4az5gp7h3	.eJxVy00OwiAQQOG7sDakAwwFlyaeg8zwU4i1NmJXxrtrExe6fV_eUwTaHjVsPd9DS-IoQBx-G1O85GUHWtcu59vUlknuLs9XavPp639TpV4_B6eBMkKJoLOlNMBoPBpXis_GqlFh0ZiU1kTOs9WoiBVETL64CMxFvN7_HzOK:1q34qT:T9Lur5R0JcDGQCUkJTBvo6X_PJWes0Af0GleebiWwac	2023-06-11 01:05:17.601606+00
4vrtrnkvn7bhu2yrwnwygb5qkz0dubbo	.eJxVy00OwiAQQOG7sDakAwwFlyaeg8zwU4i1NmJXxrtrExe6fV_eUwTaHjVsPd9DS-IoQBx-G1O85GUHWtcu59vUlknuLs9XavPp639TpV4_B6eBMkKJoLOlNMBoPBpXis_GqlFh0ZiU1kTOs9WoiBVETL64CMxFvN7_HzOK:1q3CRb:Ikh0CHqFfjcKZH-CgKKplmK2MJF8Ee3FUJJeLyO6UAE	2023-06-11 09:12:07.759364+00
c7zarq5kyh5bokdvqv34p6o9oa1djq86	.eJxVy00OwiAQQOG7sDakAwwFlyaeg8zwU4i1NmJXxrtrExe6fV_eUwTaHjVsPd9DS-IoQBx-G1O85GUHWtcu59vUlknuLs9XavPp639TpV4_B6eBMkKJoLOlNMBoPBpXis_GqlFh0ZiU1kTOs9WoiBVETL64CMxFvN7_HzOK:1q3Crh:vnQiax4t078VEPP-UtrhFVl-EIf3yZEKicXuLIqe1qk	2023-06-11 09:39:05.961608+00
\.


--
-- Data for Name: transaction_category; Type: TABLE DATA; Schema: public; Owner: admin
--

COPY public.transaction_category (id, name) FROM stdin;
1	Home
2	Communal
3	Food
4	Transport
5	Sport
6	Study
7	Vacantion
8	Salary
10	Gifts
11	Dividends
12	Freelance
9	Side job
13	Cafe
14	Rest
15	Technologies
16	Clothes
\.


--
-- Data for Name: transaction_transaction; Type: TABLE DATA; Schema: public; Owner: admin
--

COPY public.transaction_transaction (id, transaction_id, amount, transaction_type, comment, datetime, account_id, category_id) FROM stdin;
1	73806910	12000.00	income	\N	2023-05-05 00:00:00+00	1	8
2	11392654	2500.00	income	\N	2023-05-08 00:00:00+00	2	9
3	60181980	3000.00	income	\N	2023-03-05 00:00:00+00	2	9
4	50740184	12000.00	income	\N	2023-04-05 00:00:00+00	1	8
5	98716751	12000.00	income	\N	2023-03-06 00:00:00+00	1	8
6	28894308	20.00	spend	\N	2023-05-01 00:00:00+00	2	4
7	36858293	349.90	spend	Book	2023-05-01 00:00:00+00	1	6
8	27296507	856.44	spend	Продукти в Сільпо	2023-05-03 00:00:00+00	1	3
9	18354603	40.00	spend	\N	2023-05-04 00:00:00+00	2	4
10	62113787	20.00	spend	\N	2023-05-03 00:00:00+00	2	4
11	4244880	121.00	income	Кешбек	2023-05-04 00:00:00+00	1	10
12	85813789	3500.00	spend	\N	2023-05-13 00:00:00+00	1	7
13	34564223	410.00	spend	Cafe	2023-05-13 00:00:00+00	1	3
14	98608454	175.00	spend	Mobile internet	2023-05-13 00:00:00+00	1	2
15	20069091	280.00	spend	KFC	2023-05-06 00:00:00+00	2	3
17	88099146	450.00	spend	\N	2023-05-10 00:00:00+00	1	2
18	55042608	670.00	spend	\N	2023-03-01 00:00:00+00	1	5
20	42977271	340.00	spend	\N	2023-03-10 00:00:00+00	1	4
21	47892531	300.00	spend	\N	2023-05-09 00:00:00+00	1	3
23	32885746	1200.00	spend	\N	2023-05-01 00:00:00+00	1	3
24	83846742	300.00	spend	Коммуналка	2023-05-01 00:00:00+00	1	2
25	22694582	400.00	spend	Зал	2023-05-01 00:00:00+00	1	5
26	67916119	50.00	spend	Транспорт	2023-05-01 00:00:00+00	2	4
28	76120514	777.00	income	Подарок	2023-03-22 00:00:00+00	1	10
29	84003944	500.00	income	\N	2023-05-23 00:00:00+00	1	12
32	80791401	350.00	income	\N	2023-04-18 00:00:00+00	1	11
33	73932813	200.00	spend	Транспорт	2023-03-06 00:00:00+00	1	4
34	76061781	670.00	spend	Навчання	2023-04-01 00:00:00+00	1	6
16	51389751	967.00	spend	Їжа	2023-04-05 00:00:00+00	1	3
35	78269850	400.00	spend	\N	2023-04-20 00:00:00+00	1	2
36	43103430	290.00	income	\N	2023-02-01 00:00:00+00	1	12
38	3672594	550.00	income	Подарунок	2023-02-21 00:00:00+00	1	9
39	21965448	730.00	spend	Курси	2023-01-15 00:00:00+00	1	6
40	51542889	780.00	income	\N	2023-02-21 00:00:00+00	1	9
41	49942692	800.00	spend	Їжа	2023-01-27 00:00:00+00	1	3
42	45397679	65.00	spend	Транспорт	2023-02-02 00:00:00+00	1	4
44	50696146	490.00	spend	Спорт	2023-01-11 00:00:00+00	1	5
45	17095762	500.00	spend	Зал	2023-02-16 00:00:00+00	1	5
46	58767652	7000.00	income	\N	2023-02-21 00:00:00+00	1	8
47	48333335	680.00	spend	Ресторан	2023-02-17 00:00:00+00	1	3
48	6595864	600.00	spend	Їжа	2023-02-19 00:00:00+00	1	3
50	86905717	450.00	spend	\N	2023-02-12 00:00:00+00	1	1
51	15492816	400.00	income	Подарунок	2023-01-24 00:00:00+00	1	10
53	39516523	600.00	spend	Їжа	2023-01-06 00:00:00+00	1	3
54	4136365	700.00	spend	Курси	2023-02-28 00:00:00+00	1	6
55	92156411	100.00	spend	Транспорт	2023-02-17 00:00:00+00	2	4
56	23643493	450.00	spend	Інтер’єр	2023-02-17 00:00:00+00	1	1
27	99249766	600.00	spend	Ресторан	2023-04-18 00:00:00+00	1	13
31	89292148	1200.00	spend	Одяг	2023-04-26 00:00:00+00	1	16
22	22289725	40.00	spend	\N	2023-03-11 00:00:00+00	1	14
30	78060638	680.00	spend	Їжа	2023-04-06 00:00:00+00	1	3
43	73820183	9000.00	income	Зарплата	2023-01-02 00:00:00+00	1	8
49	86793450	1100.00	spend	Одяг	2023-02-06 00:00:00+00	1	16
37	35622612	470.00	spend	Кіно	2023-01-11 00:00:00+00	1	14
57	14171280	513.32	spend	\N	2023-05-27 00:00:00+00	1	13
58	39728025	20.00	spend	\N	2023-05-28 00:00:00+00	2	4
59	20335505	450.00	spend	Кіно	2023-02-15 00:00:00+00	1	14
60	56271452	100.00	spend	\N	2023-05-28 00:00:00+00	1	13
61	50418740	680.00	spend	Одяг	2023-03-24 00:00:00+00	1	16
62	61422908	240.00	spend	Навушники	2023-04-05 00:00:00+00	1	15
63	25673952	129.21	spend	Internet	2023-05-25 00:00:00+00	1	2
64	15338093	500.00	spend	Кафе	2023-03-30 00:00:00+00	1	13
65	59343506	50.00	spend	Транспорт	2023-05-25 00:00:00+00	2	4
19	88535039	890.00	spend	\N	2023-04-25 00:00:00+00	1	6
52	59210499	700.00	spend	Одяг	2023-03-10 00:00:00+00	1	16
\.


--
-- Name: account_account_id_seq; Type: SEQUENCE SET; Schema: public; Owner: admin
--

SELECT pg_catalog.setval('public.account_account_id_seq', 2, true);


--
-- Name: auth_group_id_seq; Type: SEQUENCE SET; Schema: public; Owner: admin
--

SELECT pg_catalog.setval('public.auth_group_id_seq', 1, false);


--
-- Name: auth_group_permissions_id_seq; Type: SEQUENCE SET; Schema: public; Owner: admin
--

SELECT pg_catalog.setval('public.auth_group_permissions_id_seq', 1, false);


--
-- Name: auth_permission_id_seq; Type: SEQUENCE SET; Schema: public; Owner: admin
--

SELECT pg_catalog.setval('public.auth_permission_id_seq', 36, true);


--
-- Name: auth_user_groups_id_seq; Type: SEQUENCE SET; Schema: public; Owner: admin
--

SELECT pg_catalog.setval('public.auth_user_groups_id_seq', 1, false);


--
-- Name: auth_user_id_seq; Type: SEQUENCE SET; Schema: public; Owner: admin
--

SELECT pg_catalog.setval('public.auth_user_id_seq', 2, true);


--
-- Name: auth_user_user_permissions_id_seq; Type: SEQUENCE SET; Schema: public; Owner: admin
--

SELECT pg_catalog.setval('public.auth_user_user_permissions_id_seq', 1, false);


--
-- Name: django_admin_log_id_seq; Type: SEQUENCE SET; Schema: public; Owner: admin
--

SELECT pg_catalog.setval('public.django_admin_log_id_seq', 17, true);


--
-- Name: django_content_type_id_seq; Type: SEQUENCE SET; Schema: public; Owner: admin
--

SELECT pg_catalog.setval('public.django_content_type_id_seq', 9, true);


--
-- Name: django_migrations_id_seq; Type: SEQUENCE SET; Schema: public; Owner: admin
--

SELECT pg_catalog.setval('public.django_migrations_id_seq', 20, true);


--
-- Name: transaction_category_id_seq; Type: SEQUENCE SET; Schema: public; Owner: admin
--

SELECT pg_catalog.setval('public.transaction_category_id_seq', 16, true);


--
-- Name: transaction_transaction_id_seq; Type: SEQUENCE SET; Schema: public; Owner: admin
--

SELECT pg_catalog.setval('public.transaction_transaction_id_seq', 65, true);


--
-- Name: account_account account_account_account_id_key; Type: CONSTRAINT; Schema: public; Owner: admin
--

ALTER TABLE ONLY public.account_account
    ADD CONSTRAINT account_account_account_id_key UNIQUE (account_id);


--
-- Name: account_account account_account_pkey; Type: CONSTRAINT; Schema: public; Owner: admin
--

ALTER TABLE ONLY public.account_account
    ADD CONSTRAINT account_account_pkey PRIMARY KEY (id);


--
-- Name: auth_group auth_group_name_key; Type: CONSTRAINT; Schema: public; Owner: admin
--

ALTER TABLE ONLY public.auth_group
    ADD CONSTRAINT auth_group_name_key UNIQUE (name);


--
-- Name: auth_group_permissions auth_group_permissions_group_id_permission_id_0cd325b0_uniq; Type: CONSTRAINT; Schema: public; Owner: admin
--

ALTER TABLE ONLY public.auth_group_permissions
    ADD CONSTRAINT auth_group_permissions_group_id_permission_id_0cd325b0_uniq UNIQUE (group_id, permission_id);


--
-- Name: auth_group_permissions auth_group_permissions_pkey; Type: CONSTRAINT; Schema: public; Owner: admin
--

ALTER TABLE ONLY public.auth_group_permissions
    ADD CONSTRAINT auth_group_permissions_pkey PRIMARY KEY (id);


--
-- Name: auth_group auth_group_pkey; Type: CONSTRAINT; Schema: public; Owner: admin
--

ALTER TABLE ONLY public.auth_group
    ADD CONSTRAINT auth_group_pkey PRIMARY KEY (id);


--
-- Name: auth_permission auth_permission_content_type_id_codename_01ab375a_uniq; Type: CONSTRAINT; Schema: public; Owner: admin
--

ALTER TABLE ONLY public.auth_permission
    ADD CONSTRAINT auth_permission_content_type_id_codename_01ab375a_uniq UNIQUE (content_type_id, codename);


--
-- Name: auth_permission auth_permission_pkey; Type: CONSTRAINT; Schema: public; Owner: admin
--

ALTER TABLE ONLY public.auth_permission
    ADD CONSTRAINT auth_permission_pkey PRIMARY KEY (id);


--
-- Name: auth_user_groups auth_user_groups_pkey; Type: CONSTRAINT; Schema: public; Owner: admin
--

ALTER TABLE ONLY public.auth_user_groups
    ADD CONSTRAINT auth_user_groups_pkey PRIMARY KEY (id);


--
-- Name: auth_user_groups auth_user_groups_user_id_group_id_94350c0c_uniq; Type: CONSTRAINT; Schema: public; Owner: admin
--

ALTER TABLE ONLY public.auth_user_groups
    ADD CONSTRAINT auth_user_groups_user_id_group_id_94350c0c_uniq UNIQUE (user_id, group_id);


--
-- Name: auth_user auth_user_pkey; Type: CONSTRAINT; Schema: public; Owner: admin
--

ALTER TABLE ONLY public.auth_user
    ADD CONSTRAINT auth_user_pkey PRIMARY KEY (id);


--
-- Name: auth_user_user_permissions auth_user_user_permissions_pkey; Type: CONSTRAINT; Schema: public; Owner: admin
--

ALTER TABLE ONLY public.auth_user_user_permissions
    ADD CONSTRAINT auth_user_user_permissions_pkey PRIMARY KEY (id);


--
-- Name: auth_user_user_permissions auth_user_user_permissions_user_id_permission_id_14a6b632_uniq; Type: CONSTRAINT; Schema: public; Owner: admin
--

ALTER TABLE ONLY public.auth_user_user_permissions
    ADD CONSTRAINT auth_user_user_permissions_user_id_permission_id_14a6b632_uniq UNIQUE (user_id, permission_id);


--
-- Name: auth_user auth_user_username_key; Type: CONSTRAINT; Schema: public; Owner: admin
--

ALTER TABLE ONLY public.auth_user
    ADD CONSTRAINT auth_user_username_key UNIQUE (username);


--
-- Name: django_admin_log django_admin_log_pkey; Type: CONSTRAINT; Schema: public; Owner: admin
--

ALTER TABLE ONLY public.django_admin_log
    ADD CONSTRAINT django_admin_log_pkey PRIMARY KEY (id);


--
-- Name: django_content_type django_content_type_app_label_model_76bd3d3b_uniq; Type: CONSTRAINT; Schema: public; Owner: admin
--

ALTER TABLE ONLY public.django_content_type
    ADD CONSTRAINT django_content_type_app_label_model_76bd3d3b_uniq UNIQUE (app_label, model);


--
-- Name: django_content_type django_content_type_pkey; Type: CONSTRAINT; Schema: public; Owner: admin
--

ALTER TABLE ONLY public.django_content_type
    ADD CONSTRAINT django_content_type_pkey PRIMARY KEY (id);


--
-- Name: django_migrations django_migrations_pkey; Type: CONSTRAINT; Schema: public; Owner: admin
--

ALTER TABLE ONLY public.django_migrations
    ADD CONSTRAINT django_migrations_pkey PRIMARY KEY (id);


--
-- Name: django_session django_session_pkey; Type: CONSTRAINT; Schema: public; Owner: admin
--

ALTER TABLE ONLY public.django_session
    ADD CONSTRAINT django_session_pkey PRIMARY KEY (session_key);


--
-- Name: transaction_category transaction_category_pkey; Type: CONSTRAINT; Schema: public; Owner: admin
--

ALTER TABLE ONLY public.transaction_category
    ADD CONSTRAINT transaction_category_pkey PRIMARY KEY (id);


--
-- Name: transaction_transaction transaction_transaction_pkey; Type: CONSTRAINT; Schema: public; Owner: admin
--

ALTER TABLE ONLY public.transaction_transaction
    ADD CONSTRAINT transaction_transaction_pkey PRIMARY KEY (id);


--
-- Name: transaction_transaction transaction_transaction_transaction_id_key; Type: CONSTRAINT; Schema: public; Owner: admin
--

ALTER TABLE ONLY public.transaction_transaction
    ADD CONSTRAINT transaction_transaction_transaction_id_key UNIQUE (transaction_id);


--
-- Name: account_account_user_id_8d4f4816; Type: INDEX; Schema: public; Owner: admin
--

CREATE INDEX account_account_user_id_8d4f4816 ON public.account_account USING btree (user_id);


--
-- Name: auth_group_name_a6ea08ec_like; Type: INDEX; Schema: public; Owner: admin
--

CREATE INDEX auth_group_name_a6ea08ec_like ON public.auth_group USING btree (name varchar_pattern_ops);


--
-- Name: auth_group_permissions_group_id_b120cbf9; Type: INDEX; Schema: public; Owner: admin
--

CREATE INDEX auth_group_permissions_group_id_b120cbf9 ON public.auth_group_permissions USING btree (group_id);


--
-- Name: auth_group_permissions_permission_id_84c5c92e; Type: INDEX; Schema: public; Owner: admin
--

CREATE INDEX auth_group_permissions_permission_id_84c5c92e ON public.auth_group_permissions USING btree (permission_id);


--
-- Name: auth_permission_content_type_id_2f476e4b; Type: INDEX; Schema: public; Owner: admin
--

CREATE INDEX auth_permission_content_type_id_2f476e4b ON public.auth_permission USING btree (content_type_id);


--
-- Name: auth_user_groups_group_id_97559544; Type: INDEX; Schema: public; Owner: admin
--

CREATE INDEX auth_user_groups_group_id_97559544 ON public.auth_user_groups USING btree (group_id);


--
-- Name: auth_user_groups_user_id_6a12ed8b; Type: INDEX; Schema: public; Owner: admin
--

CREATE INDEX auth_user_groups_user_id_6a12ed8b ON public.auth_user_groups USING btree (user_id);


--
-- Name: auth_user_user_permissions_permission_id_1fbb5f2c; Type: INDEX; Schema: public; Owner: admin
--

CREATE INDEX auth_user_user_permissions_permission_id_1fbb5f2c ON public.auth_user_user_permissions USING btree (permission_id);


--
-- Name: auth_user_user_permissions_user_id_a95ead1b; Type: INDEX; Schema: public; Owner: admin
--

CREATE INDEX auth_user_user_permissions_user_id_a95ead1b ON public.auth_user_user_permissions USING btree (user_id);


--
-- Name: auth_user_username_6821ab7c_like; Type: INDEX; Schema: public; Owner: admin
--

CREATE INDEX auth_user_username_6821ab7c_like ON public.auth_user USING btree (username varchar_pattern_ops);


--
-- Name: django_admin_log_content_type_id_c4bce8eb; Type: INDEX; Schema: public; Owner: admin
--

CREATE INDEX django_admin_log_content_type_id_c4bce8eb ON public.django_admin_log USING btree (content_type_id);


--
-- Name: django_admin_log_user_id_c564eba6; Type: INDEX; Schema: public; Owner: admin
--

CREATE INDEX django_admin_log_user_id_c564eba6 ON public.django_admin_log USING btree (user_id);


--
-- Name: django_session_expire_date_a5c62663; Type: INDEX; Schema: public; Owner: admin
--

CREATE INDEX django_session_expire_date_a5c62663 ON public.django_session USING btree (expire_date);


--
-- Name: django_session_session_key_c0390e0f_like; Type: INDEX; Schema: public; Owner: admin
--

CREATE INDEX django_session_session_key_c0390e0f_like ON public.django_session USING btree (session_key varchar_pattern_ops);


--
-- Name: transaction_transaction_account_id_9b6649c9; Type: INDEX; Schema: public; Owner: admin
--

CREATE INDEX transaction_transaction_account_id_9b6649c9 ON public.transaction_transaction USING btree (account_id);


--
-- Name: transaction_transaction_category_id_d2877fb6; Type: INDEX; Schema: public; Owner: admin
--

CREATE INDEX transaction_transaction_category_id_d2877fb6 ON public.transaction_transaction USING btree (category_id);


--
-- Name: account_account account_account_user_id_8d4f4816_fk_auth_user_id; Type: FK CONSTRAINT; Schema: public; Owner: admin
--

ALTER TABLE ONLY public.account_account
    ADD CONSTRAINT account_account_user_id_8d4f4816_fk_auth_user_id FOREIGN KEY (user_id) REFERENCES public.auth_user(id) DEFERRABLE INITIALLY DEFERRED;


--
-- Name: auth_group_permissions auth_group_permissio_permission_id_84c5c92e_fk_auth_perm; Type: FK CONSTRAINT; Schema: public; Owner: admin
--

ALTER TABLE ONLY public.auth_group_permissions
    ADD CONSTRAINT auth_group_permissio_permission_id_84c5c92e_fk_auth_perm FOREIGN KEY (permission_id) REFERENCES public.auth_permission(id) DEFERRABLE INITIALLY DEFERRED;


--
-- Name: auth_group_permissions auth_group_permissions_group_id_b120cbf9_fk_auth_group_id; Type: FK CONSTRAINT; Schema: public; Owner: admin
--

ALTER TABLE ONLY public.auth_group_permissions
    ADD CONSTRAINT auth_group_permissions_group_id_b120cbf9_fk_auth_group_id FOREIGN KEY (group_id) REFERENCES public.auth_group(id) DEFERRABLE INITIALLY DEFERRED;


--
-- Name: auth_permission auth_permission_content_type_id_2f476e4b_fk_django_co; Type: FK CONSTRAINT; Schema: public; Owner: admin
--

ALTER TABLE ONLY public.auth_permission
    ADD CONSTRAINT auth_permission_content_type_id_2f476e4b_fk_django_co FOREIGN KEY (content_type_id) REFERENCES public.django_content_type(id) DEFERRABLE INITIALLY DEFERRED;


--
-- Name: auth_user_groups auth_user_groups_group_id_97559544_fk_auth_group_id; Type: FK CONSTRAINT; Schema: public; Owner: admin
--

ALTER TABLE ONLY public.auth_user_groups
    ADD CONSTRAINT auth_user_groups_group_id_97559544_fk_auth_group_id FOREIGN KEY (group_id) REFERENCES public.auth_group(id) DEFERRABLE INITIALLY DEFERRED;


--
-- Name: auth_user_groups auth_user_groups_user_id_6a12ed8b_fk_auth_user_id; Type: FK CONSTRAINT; Schema: public; Owner: admin
--

ALTER TABLE ONLY public.auth_user_groups
    ADD CONSTRAINT auth_user_groups_user_id_6a12ed8b_fk_auth_user_id FOREIGN KEY (user_id) REFERENCES public.auth_user(id) DEFERRABLE INITIALLY DEFERRED;


--
-- Name: auth_user_user_permissions auth_user_user_permi_permission_id_1fbb5f2c_fk_auth_perm; Type: FK CONSTRAINT; Schema: public; Owner: admin
--

ALTER TABLE ONLY public.auth_user_user_permissions
    ADD CONSTRAINT auth_user_user_permi_permission_id_1fbb5f2c_fk_auth_perm FOREIGN KEY (permission_id) REFERENCES public.auth_permission(id) DEFERRABLE INITIALLY DEFERRED;


--
-- Name: auth_user_user_permissions auth_user_user_permissions_user_id_a95ead1b_fk_auth_user_id; Type: FK CONSTRAINT; Schema: public; Owner: admin
--

ALTER TABLE ONLY public.auth_user_user_permissions
    ADD CONSTRAINT auth_user_user_permissions_user_id_a95ead1b_fk_auth_user_id FOREIGN KEY (user_id) REFERENCES public.auth_user(id) DEFERRABLE INITIALLY DEFERRED;


--
-- Name: django_admin_log django_admin_log_content_type_id_c4bce8eb_fk_django_co; Type: FK CONSTRAINT; Schema: public; Owner: admin
--

ALTER TABLE ONLY public.django_admin_log
    ADD CONSTRAINT django_admin_log_content_type_id_c4bce8eb_fk_django_co FOREIGN KEY (content_type_id) REFERENCES public.django_content_type(id) DEFERRABLE INITIALLY DEFERRED;


--
-- Name: django_admin_log django_admin_log_user_id_c564eba6_fk_auth_user_id; Type: FK CONSTRAINT; Schema: public; Owner: admin
--

ALTER TABLE ONLY public.django_admin_log
    ADD CONSTRAINT django_admin_log_user_id_c564eba6_fk_auth_user_id FOREIGN KEY (user_id) REFERENCES public.auth_user(id) DEFERRABLE INITIALLY DEFERRED;


--
-- Name: transaction_transaction transaction_transact_account_id_9b6649c9_fk_account_a; Type: FK CONSTRAINT; Schema: public; Owner: admin
--

ALTER TABLE ONLY public.transaction_transaction
    ADD CONSTRAINT transaction_transact_account_id_9b6649c9_fk_account_a FOREIGN KEY (account_id) REFERENCES public.account_account(id) DEFERRABLE INITIALLY DEFERRED;


--
-- Name: transaction_transaction transaction_transact_category_id_d2877fb6_fk_transacti; Type: FK CONSTRAINT; Schema: public; Owner: admin
--

ALTER TABLE ONLY public.transaction_transaction
    ADD CONSTRAINT transaction_transact_category_id_d2877fb6_fk_transacti FOREIGN KEY (category_id) REFERENCES public.transaction_category(id) DEFERRABLE INITIALLY DEFERRED;


--
-- PostgreSQL database dump complete
--

